Date,Unconstrained_Groundtruth,ARIMA,SARIMA,SD-SVR,Tsformer
2630,66014.0,52403.25677102472,60290.43117255464,95312.90857479068,62291.93
2631,66848.0,53313.42263937904,58646.56241073436,87327.18747909053,55870.09
2632,38475.0,54087.22593684544,37981.854895768236,49813.79180596308,35559.492
2633,31727.0,45593.77096192303,32151.242507814623,36849.67377881205,30527.502
2634,58092.0,42451.80498177158,59768.24049118806,65668.14363896976,56821.145
2635,55462.0,51038.37220585189,61491.35448728018,70409.13899400788,60679.47
2636,52919.0,50582.83313298906,63811.385219971824,76971.59414167306,63789.42
2637,51026.0,50031.58473929273,59557.13130557105,79651.59234925777,64417.39
2638,81922.0,49571.4263945612,55992.03072099506,77255.38231888998,57513.98
2639,43010.0,57962.701857762404,37467.442790998124,45395.00663074854,36559.14
2640,25839.0,47726.1063498239,32289.04055699896,35152.2796057521,31090.756
2641,55774.0,40192.50404154068,58356.88209499286,61695.7390998872,58670.066
2642,53555.0,50615.25953652925,59834.91539103475,64199.10052389052,62596.96
2643,71349.0,50181.06765015013,62019.00911101372,65953.01749075347,65155.977
2644,52211.0,55282.649024067476,60532.22630507226,63232.57237871056,65841.91
2645,58760.0,50533.875994047994,57106.22392219028,59876.50423674662,58947.07
2646,46032.0,52604.46519946613,36403.236584978404,35998.60211337903,36850.242
2647,28572.0,48831.00530786713,31719.903316578842,28070.555715294224,30824.299
2648,53562.0,41666.82726894643,58299.123852368066,50033.093680490485,57969.555
2649,61620.0,50246.87780313933,59472.56838131701,51325.231588699855,62984.64
2650,91515.0,52758.599954332014,62913.872840454394,56440.40821744378,65824.33
2651,49150.0,60488.190413421034,63379.51836879652,56132.93037466236,66456.8
2652,29300.0,50357.84367758488,59014.974699250095,54076.39770943668,59088.57
2653,34501.0,42483.85903094503,34055.905914408104,35407.406763323204,37008.52
2654,40718.0,44017.87748041321,28725.01489368147,32219.189908671866,31335.209
2655,75709.0,45929.649006905194,56140.64309506429,59682.85411589339,58066.938
2656,64342.0,55921.97362263803,60451.257408376216,61362.160666438,61850.562
2657,78988.0,53802.12177893531,64246.92107834903,66582.21523883818,65527.88
2658,63576.0,58032.06594444485,63187.34081925371,64299.71726379439,68324.16
2659,56399.0,54855.85827341705,60787.87028401888,59350.239679265185,61304.94
2660,39992.0,53119.36744736737,38322.47184995147,36895.388461914765,38863.434
2661,36497.0,47602.52663314647,32528.47621609855,32121.691190682886,33153.496
2662,75227.0,45812.91362490862,61566.267742976575,60412.843843682225,60027.055
2663,54928.0,57418.395509161644,65347.706733417835,60846.54205004805,63422.49
2664,76263.0,52479.85914142709,67256.51847312711,65785.13785562577,64920.402
2665,47298.0,58550.64261728507,65369.05072900128,64183.69963022076,67443.06
2666,55272.0,50721.513193426115,60046.79201504155,59110.20535492947,62146.79
2667,43105.0,53192.23279918538,37852.23956785116,36594.89906658625,39502.652
2668,36481.0,49132.939793146004,32526.725456721153,31902.914887364175,34617.11
2669,68462.0,46234.36350973821,61543.66527456005,59053.42886144773,63385.543
2670,73216.0,56148.6775225391,64473.8855553974,59712.13494185704,64904.617
2671,52886.0,57941.79050085356,69151.57479595413,64642.15935178393,64657.367
2672,67500.0,52687.18452741298,63530.02688309707,62407.17624204936,65318.36
2673,42544.0,57066.13523167404,61551.94810311434,58173.47178135346,62440.625
2674,42969.0,49479.93766552027,37472.77056640693,35546.62167079108,40319.766
2675,41478.0,49283.05960096354,32162.827166802257,31394.893841233617,33616.723
2676,60816.0,48399.79528665447,61998.22369562168,58086.10736001218,62944.348
2677,52079.0,54437.142939969424,63955.898192702145,59824.824981111604,64921.332
2678,88519.0,52024.97037164728,65316.060125405136,65282.6680974682,65870.61
2679,71607.0,61856.489546679615,64935.21946682254,62131.166467418814,68368.68
2680,51275.0,58721.47488793517,63109.873825591996,60092.86282037605,63555.51
2681,45096.0,53154.935352598004,39436.834086198505,37617.82928042372,40809.062
2682,36690.0,50884.85856029007,33842.20515951753,31557.552423757963,34556.88
2683,64624.0,47293.927739273255,63621.85768759704,59487.468064887566,63218.438
2684,78157.0,56211.02219452366,65909.20973966489,63529.94269394213,65615.99
2685,61415.0,60210.958854131706,70977.13151307136,65187.778226264614,67204.48
2686,50918.0,56350.44959613894,66283.99700862246,61287.974334756,69632.3
2687,55687.0,53223.17901274198,61072.55531957336,60096.59531670998,63908.098
2688,38642.0,54686.305840424444,39003.647559804325,38001.20976816017,40575.824
2689,50340.0,48579.30857136032,32774.16925099946,32040.32067515719,33741.44
2690,58974.0,52385.47743242119,64576.45280916654,60881.5354025141,63318.477
2691,68384.0,55058.11104587293,66052.69333482816,64435.865060716045,64842.81
2692,75447.0,57973.10540606288,69635.14299910291,67077.73461154888,68049.805
2693,47581.0,60339.674140125586,66959.9708005904,63419.659467356934,69558.82
2694,71577.0,52462.290879729306,61022.13465205893,61975.05433070359,65712.74
2695,40081.0,59661.6401868482,40443.77872343041,38934.21634333956,41740.008
2696,29533.0,49815.00597367388,34058.39572801602,32736.39183060313,33815.184
2697,66603.0,44614.81705554676,61899.71913057531,62102.33283964179,63876.473
2698,56325.0,57038.721188759526,64758.70099288467,65744.66740182377,67751.6
2699,48060.0,54408.87104307448,66712.12691066998,68466.68357876403,68946.78
2700,55207.0,51754.45548615747,60542.16055201484,64730.440148590766,68788.3
2701,84909.0,53953.59999861844,57235.857049023856,63317.5118859685,63657.242
2702,38946.0,62138.85919268445,39051.96342466533,39715.48810345502,40534.094
2703,37774.0,48945.21534746666,32923.043221375316,33422.10350392526,33529.918
2704,80823.0,47933.0613944328,62263.230591618114,63156.89094634919,63132.582
2705,49154.0,60676.004045871356,66736.76786677625,66998.78505096321,66427.78
2706,75287.0,52342.87968098698,67223.14545528607,69714.69488694578,68418.64
2707,77058.0,59921.45189303886,64911.37358198632,65704.68410240313,69852.25
2708,85106.0,61039.63706117044,63884.660218985526,64260.55280965668,64987.676
2709,46804.0,63752.31747531363,42782.707484165265,39670.0907405437,42171.625
2710,45735.0,53229.386906659536,36503.811278443995,34053.260565131364,35260.457
2711,67855.0,52507.39822124676,69988.87087729407,63621.72075470125,65835.625
2712,80766.0,59286.48569740364,71874.28197839267,66619.21079943965,69357.84
2713,73079.0,63141.43912151504,76871.04069219278,67046.12221721488,71076.016
2714,70581.0,61849.417528409285,72671.07609773384,66617.48437301042,72774.19
2715,87880.0,61645.56176146909,69599.0360301425,66854.33569578135,66265.164
2716,45891.0,66633.65782257484,46120.505155086656,40474.066296499215,42557.188
2717,22483.0,54669.838573562134,38946.7901129033,34504.70837429424,36523.176
2718,48059.0,42963.98416786723,67099.84220898565,64435.36792874146,67843.48
2719,68296.0,53350.3815279061,66035.80575071901,67679.6327652021,69195.25
2720,81542.0,59507.3070630911,69918.0141725366,68502.1362337949,72589.945
2721,85741.0,63452.133323716895,68069.26194189863,67817.6057387747,73593.71
2722,72004.0,65278.01961508637,67715.62381578994,68187.48117846144,66941.31
2723,27057.0,62478.023734534654,43549.820658351084,41309.54515754975,43726.098
2724,41080.0,45751.38152942578,34420.93226007637,35144.599752938244,36731.19
2725,46984.0,51110.16764027365,65684.28907265789,65487.39248847587,68653.23
2726,75235.0,52842.56704176812,64663.92582882841,68794.4761431854,71087.61
2727,68928.0,61244.23173874566,69656.01821107832,69712.98422407206,73646.79
2728,61866.0,60108.46951141898,66360.02277988716,69019.86203308265,74005.16
2729,59820.0,58408.891977116895,63277.80617893525,69147.0708936096,66846.9
2730,45147.0,57930.72117891954,39983.689749095895,41781.37259919261,41862.953
2731,36645.0,52943.66140081565,34380.148308780954,35444.30944711033,34103.066
2732,65215.0,49092.69878607964,64448.63236199069,65761.33574149413,65694.38
2733,66841.0,58409.42615613177,66641.48477199176,69021.376443106,69352.22
2734,73814.0,59186.76696168522,70289.8269493844,69900.38364129968,72115.35
2735,61592.0,61482.0889756929,67474.36356186973,68880.43378594045,72895.74
2736,64486.0,58468.49354111428,64185.6201387624,68874.61569071129,65170.645
2737,44520.0,59494.77505227635,40931.542943327026,41612.313644998496,40408.266
2738,46332.0,52940.328226647885,35012.68679613239,35213.96474222324,33890.57
2739,53372.0,53193.55971741088,67548.15128834362,64122.31609646892,65580.58
2740,70189.0,55337.11997640634,67579.3629773155,65851.8830080708,70365.08
2741,59594.0,60391.085343924715,71570.4816715819,70009.91869592543,73212.54
2742,80487.0,57668.197251731406,66507.7581102922,65102.060403829935,73581.56
2743,53229.0,63690.88570887166,65749.4294914518,60274.83978665314,67009.664
2744,27148.0,56293.237434013885,40813.29684100061,37250.66398280201,42957.047
2745,29868.0,45098.154511958746,32626.171865561868,33849.473418682086,34939.367
2746,55690.0,45393.0896873415,59798.26190488587,60793.03228379001,67972.555
2747,64932.0,54542.51390217616,61168.725492730926,63225.46676625449,69365.78
2748,50506.0,57398.915475836395,64997.81881069164,66779.60016421095,71249.414
2749,70194.0,53192.7442721441,59905.7960402192,62999.49349329614,72382.97
2750,79968.0,59071.78024396255,58901.96568551809,59054.80136556202,67193.0
2751,36239.0,62143.49620740152,39112.66479667632,37318.783449863346,42301.168
2752,28598.0,48593.18693313216,32769.80963993278,33937.46905579794,34222.77
2753,91405.0,44351.38154172253,59710.38752413259,61397.707900300345,66423.22
2754,77002.0,63416.80046266119,65332.36938799342,63365.495909450154,70960.336
2755,61057.0,61029.92295149779,70395.00535231242,67240.95511636377,72961.055
2756,58337.0,57217.87430623976,65959.96473336093,63418.36275589514,73184.55
2757,68946.0,56548.80464730516,62452.172193766455,59643.865481235516,67051.98
2758,31952.0,59792.52724868831,40261.60936672076,37689.97420715907,42788.63
2759,32373.0,46890.1064811116,33024.04442582213,34282.443179652444,34407.742
2760,87793.0,46232.75699917431,61218.71160409586,61913.72073197357,66217.41
2761,47008.0,62865.3203776196,66363.17731278462,63729.95929632884,70386.16
2762,79496.0,52153.3150935209,66694.47822184095,67464.56997461956,72329.7
2763,66041.0,61519.08087581125,65210.00425890315,63443.88819878421,70606.266
2764,54562.0,58638.86665512489,62945.72063313509,59301.60157792546,64402.71
2765,40826.0,55433.30615673215,39240.15606029222,37420.335750337945,41695.246
2766,36532.0,50429.28492755069,33399.29945629546,33856.70509618404,36845.22
2767,56069.0,48161.44945937445,62896.44289987064,61106.36516088823,69621.14
2768,77737.0,54618.32824815967,63840.76581496028,62984.52620629229,70003.91
2769,62342.0,60789.84506734254,69065.51208571038,66646.88627160594,73384.78
2770,74844.0,57253.600719973125,65090.33783208657,62481.07724751179,73079.86
2771,82606.0,60989.823347682446,63833.33068222385,60377.2187740817,66342.56
2772,38125.0,63585.3640603084,42024.410774897035,39197.34656208673,43529.586
2773,38627.0,50107.76082576757,35146.04658346731,33038.497408034,37963.285
2774,77072.0,49673.63543034078,66179.96139616285,62650.50177930001,71496.23
2775,78939.0,61394.0200003441,69670.94351498358,64869.057395611475,72996.13
2776,61716.0,62539.64963672457,74646.15823601984,68784.1946347112,74923.375
2777,76076.0,58383.30710307822,69554.54593069621,66289.04619866787,74789.164
2778,55257.0,62638.06422637155,67776.98627104152,62843.59848428421,68052.914
2779,42124.0,56994.77764922465,41908.12489447323,40297.38356920041,43859.62
2780,39446.0,52124.59337980997,35515.296693578865,33506.07872712004,36417.508
2781,56868.0,50515.783352163315,66987.95922600268,62941.00143497873,68900.31
2782,59935.0,56217.775389140756,67620.36422060871,64685.53112921901,72764.336
2783,87685.0,57213.10151445196,70005.58486740482,67973.2119808339,74307.92
2784,64834.0,64859.626473136326,68946.84491632326,65839.17384970415,75365.19
2785,63829.0,59651.71102447858,65866.77719103415,62791.91460539608,69956.586
2786,41119.0,59582.638095363545,41677.758657362065,40460.746929977904,44449.574
2787,19978.0,51838.82819980815,35259.94253168545,33773.401764695955,37183.535
2788,67583.0,40543.83067258585,60776.34967176376,63589.20950170401,72107.93
2789,61774.0,58264.110700356614,63476.53189750385,65390.743723178755,72695.52
2790,54873.0,56989.68447938585,66636.2864720197,68651.11942804206,75450.19
2791,59580.0,55055.20653287146,62055.27038243524,66268.60901499432,74758.0
2792,70936.0,56530.82309666102,59373.71005641846,63329.244532088735,66873.3
2793,41929.0,59958.339765719065,38630.74147009004,40753.403760134104,42636.688
2794,42033.0,50987.31624111638,33072.031395416794,33859.70003061863,35610.4
2795,47790.0,50561.95066511179,63571.5462798868,63488.78159337749,69233.01
2796,64886.0,52250.903069604494,63169.92651750442,65272.18714798718,70596.64
2797,84539.0,57439.98752496734,66683.52217873835,68816.30426528813,73671.375
2798,64898.0,62931.39583572301,65769.9636303243,66550.5867037353,74299.06
2799,45980.0,58574.86605398197,63286.63785910278,63387.993752159564,68334.72
2800,30908.0,52648.886854712255,38549.89028625445,40782.65609244936,41564.19
2801,42229.0,46003.082479818986,31668.302281556145,34898.66101790763,34432.426
2802,73762.0,49956.61632534332,61128.00962286633,65179.250468143626,69581.25
2803,70962.0,59374.18338863755,64717.61002479554,66425.6445654321,73242.36
2804,78967.0,59234.06495826499,69046.35905416335,72516.77946789996,74666.8
2805,81402.0,61843.054640549184,67159.80027612306,68114.39349640423,75722.53
2806,74657.0,63175.86129015535,66330.18588161255,69496.1339169128,69145.38
2807,39352.0,62159.971237585996,42840.65736328441,45527.88646311664,43906.87
2808,39218.0,50936.220283746836,35912.022600524564,36979.82611663446,36619.543
2809,57221.0,50267.17121416651,67541.52317321893,68877.67644808472,69252.95
2810,66967.0,56170.175717622136,68171.8861933019,70406.27819381487,72051.42
2811,75057.0,59160.24379029788,71629.36330253613,78727.78238540675,75599.65
2812,69028.0,61745.92771389838,68865.65549496186,72290.05903606572,77641.16
2813,85092.0,60639.52404536148,66296.95120615297,72434.5131578511,71906.1
2814,40563.0,65297.02984679402,43532.4840739465,46666.53839803335,45374.074
2815,50124.0,51979.79576265244,36593.44642331846,38054.74999260509,38175.535
2816,81514.0,55033.29599708476,70874.6033247668,70224.47888340031,74456.46
2817,70893.0,64148.106726299,74574.63303369156,71105.72800520576,76970.766
2818,77789.0,61998.757357514136,78081.24355611678,78968.19012326014,77595.41
2819,71438.0,64295.07542979241,74552.62714376506,72761.06573239468,77653.08
2820,77883.0,63101.78618801009,71377.57869655864,73494.16147791297,73055.26
2821,32568.0,65274.11009837213,45837.76373531993,47650.96396384082,47982.117
2822,46656.0,49606.916629186926,37188.44408748474,38926.851192988135,38350.51
2823,83120.0,54653.110456337556,71105.80198120122,72459.86624242565,73727.81
2824,93525.0,65411.92235701276,74929.38896387436,74347.83447545453,77249.92
2825,93539.0,68731.12576767836,81360.7855421647,83932.73397351202,80005.766
2826,79722.0,69740.34878459369,79226.13949368062,77899.11216150313,80861.9
2827,107851.4280307377,67130.00336638796,76401.96536130639,79618.45858808307,75388.766
2828,48293.0,74671.18270337071,50727.52823981827,51885.78597893053,50147.76
2829,29929.0,58503.936336625935,42878.083033335315,42604.26498752682,42100.777
2830,65622.0,49608.69148829548,75875.48970371239,79058.97796647255,77830.72
2831,106967.6096256708,62549.36962889831,76717.5963914224,82209.64354136669,79153.71
2832,66278.0,73462.3467472609,84472.40888910239,86267.59532613137,82793.41
2833,80658.0,64001.850851020405,78181.67131223406,85599.8350351832,82336.16
2834,77188.0,68324.65537381738,75628.13016388746,85101.34007965265,75530.75
2835,59969.0,67882.34343945378,48046.77328651519,52548.351114395555,51060.254
2836,47227.0,62918.693848626564,42021.078468410706,44600.47824875283,43306.65
2837,81194.0,58091.85556682376,79341.22596741626,84735.99024294302,79824.22
2838,106719.74902118553,68592.9223324495,82226.60431909129,88611.23452843931,82119.56
2839,78799.0,75555.18693604847,89583.66935076544,91031.73354255407,84690.64
2840,89163.0,69588.25645690566,84228.44057879037,88188.03634437072,84628.234
2841,91424.0,72865.45528124626,81772.98130440008,87340.62282392866,77462.91
2842,66038.0,74167.46774065451,52615.05842758432,52924.1744594861,53389.973
2843,49034.0,67384.31227590286,46064.82237633357,44246.176606344045,44285.613
2844,107679.58193888565,61106.02868992519,86336.09708337883,82293.06180746955,81128.86
2845,106427.6060923597,78081.56003673603,91922.64834733376,85141.13848463677,84236.89
2846,61693.0,78989.82666076956,98627.55051354987,87259.42525298936,86831.36
2847,106491.59665619594,67103.9499135305,88607.88090765268,84665.42339531716,86575.6
2848,106782.90423516184,79797.13103851718,87402.4349490254,83346.30519740301,78861.734
2849,56154.0,80984.87415786843,56947.24593956221,50470.480981692,55416.004
2850,61339.0,66596.94791753264,48284.79909565432,42393.53006642299,46391.367
2851,55909.0,67977.53340764328,92604.5830220331,79553.73135544163,84754.23
2852,80797.0,65639.60224131765,89656.8150154009,83490.36058813753,82802.88
2853,81399.0,73411.14713887832,92645.44005461672,85999.71360741535,85937.18
2854,108281.16547050062,73922.89030610288,87165.49290612905,84931.41873941121,86830.28
2855,77181.0,81467.57274919444,86429.51577819705,85301.030538646,82197.6
2856,66544.0,73982.80698880402,54018.00538120326,52377.375418046555,57335.83
2857,56857.0,70648.32374060659,47125.60629872825,44744.733231388396,48018.05
2858,108314.46692756639,66939.87313654576,89678.0625336678,85254.7820096504,87567.41
2859,81767.0,81862.77721047353,95161.77043117434,90375.01528332946,86114.71
2860,68493.0,75732.82291951322,97996.67120293491,93034.76281122689,88187.586
2861,74048.0,71767.99653010117,89520.24216427446,90981.21963470065,88298.25
2862,97864.0,73441.9962323975,84020.9080983007,89264.12247881434,82392.555
2863,66722.0,80418.50173046748,54343.67674416035,58520.62431840207,58372.816
2864,54561.0,71698.9406184544,47453.962347818786,48987.5353182886,46409.688
2865,108379.94397194358,66943.5595035272,89712.3286745305,88557.1383380352,82534.195
2866,63846.0,82788.17108508467,95115.90648650202,89756.94136096885,85250.1
2867,85609.0,70667.3613282878,94697.0561104099,103068.09637252732,89366.016
2868,106429.2777648916,77318.34577180473,89477.85703102541,93949.64847011601,89751.39
2869,77221.0,83355.48518427339,88260.92349517485,91061.23983944039,84331.91
2870,69291.0,76024.88380373587,55034.505279238816,59260.75733525969,59214.824
2871,66191.0,73463.61353914528,48166.80164346066,50736.298184718726,48420.2
2872,75391.0,72184.0606409824,93258.15259662028,92273.02767492943,87972.375
2873,95529.0,74974.86930551636,93670.41243057903,92475.76767429004,86967.44
2874,106765.56899149374,80953.80276163951,98365.11936097956,103424.26164207405,89686.7
2875,106948.55901760167,84581.53058890293,95499.46071002468,94220.72007738746,90293.73
2876,106215.09203008245,85577.60942464636,93419.67910396734,91244.19259412448,85809.336
2877,44302.0,86305.61114080276,60348.62910760804,58781.869597497614,61939.812
2878,63447.0,65690.7821285747,49239.94475090036,50100.45264480886,50258.84
2879,98543.0,72406.26165326314,94253.95520843349,90219.99015589408,87391.125
2880,107637.95048125746,82950.698498795,97981.17557706004,89584.98297709659,86932.03
2881,107118.87797858795,86054.84325415557,104167.10368151432,99610.50365573318,89854.94
2882,88425.0,86845.64970978053,100314.08206617972,91324.81929543233,91485.734
2883,94682.0,82443.34152069199,95082.40046102976,88074.79443468933,86620.37
2884,45916.0,84570.08585503604,60253.921638130414,57169.81104628947,62220.387
2885,52473.0,67287.12724872518,49469.242993297165,48230.41690632648,50360.414
2886,90773.0,68975.9417533188,92252.51945685803,87275.11794662794,86015.98
2887,98001.0,81292.71842137883,95102.76460089459,86531.07606744417,87710.586
2888,106629.91621344582,83767.42027710991,100210.48908744812,96074.52619413627,90131.63
2889,108228.57809363776,86729.56636900833,96886.0696838545,88185.8582237426,90693.82
2890,95620.0,88011.2334261919,94771.81802685851,85221.19699202594,86741.39
2891,57176.0,85389.01064058694,60168.27524443596,55745.44449117536,62399.906
2892,36367.0,72686.70800335395,50873.46902392658,45917.12937415133,52213.688
2893,92818.0,62036.00430161347,90158.19029595096,81689.97634804952,91363.49
2894,107530.06394282509,81953.27267138388,93381.94426701784,83918.38281661924,91446.305
2895,86994.0,86453.57528006115,99877.46526595476,90409.17716092127,92422.57
2896,98519.0,81563.3004048356,94106.56103535621,81673.84481487209,91418.4
2897,68747.0,85171.19382155324,91187.30292572147,78252.60936930767,84841.81
2898,47226.0,76339.54151814757,55708.62022879406,50249.574841389294,61718.516
2899,46942.0,67270.06854132842,46332.199137343734,43700.36296869725,52114.49
2900,108402.91374933202,66010.43727367735,85972.88236873892,77724.3160032606,90371.6
2901,69254.0,85175.04745536204,91588.09351618747,78975.17183174318,90263.07
2902,86597.0,74532.32950689031,92708.30447392746,85797.5786698042,90266.945
2903,88213.0,79835.08936132278,88061.76613531681,78974.41241068002,90163.36
2904,90829.0,80621.2209229126,84800.1468419286,75851.22192214974,83833.45
2905,52291.0,81731.60620940088,54235.72367031783,49959.30260858656,59848.652
2906,34665.0,68724.65176759528,45952.79493021551,43210.75881356797,50496.566
2907,108242.6291989922,59374.33340114567,82114.60908031673,77108.56880341307,89469.12
2908,98651.0,83647.51437708447,87749.38760189671,78278.44474699067,89729.31
2909,69952.0,82176.88642769428,93638.39250836422,85645.02056747388,90756.29
2910,90188.0,74189.04713333944,86543.86394171366,80379.17725679267,88986.2
2911,91924.0,80297.52232702392,83698.35000610344,77556.53427086756,82022.35
2912,44995.0,81235.22963791885,53700.642159353854,50770.22704289573,58283.258
2913,36913.0,64914.27369047569,44653.591065655004,44018.35908017552,50649.46
2914,108945.76458187695,59826.57877606466,80824.63309836267,78135.67733736195,89566.1
2915,90050.0,82911.57483373785,86608.65708220951,79214.46846972308,88706.84
2916,91006.0,78991.39615830613,91406.84503910398,85758.4885346492,89404.125
2917,69620.0,79750.59389215898,87729.59381346402,79430.293639349,87441.4
2918,83893.0,73618.0990263356,82004.30177160856,76497.85241968762,81302.195
2919,38904.0,77965.88884726199,52042.875106348016,49985.53125385788,57812.426
2920,59363.0,61108.03643875249,42618.96885108128,42820.293646723054,49186.85
2921,75627.0,68531.85451568296,82581.14821742233,76010.56971977194,87118.27
2922,76750.0,73583.52721911794,84328.62599925825,76550.13009489165,87124.0
2923,50993.0,74028.37023220885,87326.71280573514,80632.17911238217,88367.41
2924,70928.0,65020.31442207776,78143.58139263303,76127.0580279973,67870.85
2925,61714.0,71475.69751776032,74169.47560552097,74038.71540935831,63734.266
2926,25096.0,68324.38551374922,45808.51419195764,45289.56372699981,43408.33
2927,41918.0,50898.39840038286,36000.91267077934,37395.13497776425,35180.715
2928,57220.0,58046.69114740041,68022.25409425059,66906.19708242924,63452.74
2929,49287.0,63193.29424235658,68611.13093982142,66344.72766537927,62007.133
2930,62323.0,59932.86329472951,68723.58635948645,69427.11096080203,62506.64
2931,78630.0,64050.922584424596,65019.93438670603,64777.42398072121,62728.19
2932,55754.0,68956.21984656657,64214.17401843896,62271.3745338038,58005.723
2933,28928.0,62097.14198808252,39891.042084022345,38344.320584755136,38025.504
2934,30426.0,49974.00962231472,32586.636749871454,31944.3335180789,29813.145
2935,69093.0,49436.103706446615,59808.203121165854,57985.73930083841,54188.52
2936,44889.0,63010.68433358693,62802.50579350207,59375.58814808179,58886.277
2937,67028.0,55036.606603687615,63032.02947261356,61933.62473870858,60101.52
2938,59112.0,62049.17665405589,60921.36607263141,58277.16241620219,61090.92
2939,56288.0,59799.072500099996,58452.52306120674,56450.53707880244,55192.582
2940,42274.0,58825.980744646055,36741.23945797512,35112.71693335289,35357.336
2941,33325.0,53505.55405483131,31929.350948173535,29857.921623453272,29420.73
2942,66671.0,48963.351443387706,59678.265545523005,55018.93227536932,53324.582
2943,68156.0,60156.23731759692,62344.79478653254,56765.378585558625,56326.875
2944,66919.0,60894.31905627891,66204.00679420581,60147.6476159943,58909.082
2945,50144.0,60868.7910324933,63746.92187855486,57077.037052640364,59099.617
2946,58962.0,55698.54843231813,59490.04033263239,55789.27656579017,52954.023
2947,42443.0,58395.603318867026,37501.352703516844,34864.694693216785,34629.03
2948,25067.0,52532.148569633166,32514.897888426767,29689.40698858824,28896.576
2949,53331.0,43828.41967520044,58431.31287039154,54938.327710107464,53530.59
2950,65187.0,54464.7572920288,59328.654057312626,56291.90433293038,56964.77
2951,69449.0,58064.03108287541,62941.329317152195,60197.0315177762,58875.383
2952,46838.0,59606.27979881131,61267.9130892008,57017.86842847053,58197.332
2953,59294.0,52865.1056948493,57035.26649936419,55429.77149972318,51918.293
2954,38983.0,56718.27737131364,36175.696942936054,33866.99265278416,33798.418
2955,25080.0,49635.39588768851,31151.09998392125,27888.871555336464,29164.914
2956,42316.0,42514.55576818181,56296.839932784496,50658.95217608175,53622.715
2957,38365.0,49075.00152379483,55769.810163978786,51155.217658534144,57321.12
2958,64200.0,47189.57706950376,55570.85037078112,52795.198883002384,58764.87
2959,51894.0,55197.04562314202,54214.44751710844,48509.03025815113,59120.137
2960,42492.0,51904.001209220696,52008.82690903726,46596.22691622973,52548.64
2961,35823.0,48648.467478736806,32013.950863575734,28708.18496805355,33087.83
2962,28101.0,45722.29684514706,27642.977585509976,23865.360033967925,28129.746
2963,38859.0,41741.64335917872,51493.304919219925,43936.40816573904,52234.16
2964,52090.0,45466.01134521727,51104.12104822036,45116.91845920116,55378.125
2965,68547.0,49617.23349322966,53677.99766828752,47501.03240562909,57414.785
2966,38024.0,54383.00081785641,53168.56923088299,44780.64729179716,59120.418
2967,59423.0,45432.00329121601,49131.42945981382,43453.09128617407,52089.695
2968,35918.0,52044.96324869883,31778.710209753594,27064.140032276366,32449.533
2969,32936.0,44505.168390303494,27544.90698670704,22577.02944828239,27332.725
2970,38487.0,42811.44239023268,52374.283977570645,42038.91516288702,50287.418
2971,42056.0,44441.65014771882,51923.40297057016,43730.608833617436,54432.062
2972,46287.0,45409.927591088606,52941.93042063398,46466.43154519401,55887.73
2973,50709.0,46664.215087336495,49749.11011821005,43681.26054909628,57512.39
2974,76554.0,48046.29607696783,48064.08341836666,43093.7409636119,51193.363
2975,31467.0,55062.85148206052,32317.41975342386,26894.641497684534,31934.797
2976,29689.0,41969.94690043832,27526.666309727378,22652.1338140612,26989.066
2977,51033.0,40596.579661147945,51527.69220032098,42417.42673966151,50324.023
2978,54159.0,47627.7748352914,53050.51651898777,44573.86078833807,55714.188
2979,46792.0,48720.479084597624,55881.31105864109,47376.17333648713,58098.51
2980,62945.0,46715.06003174646,52335.822164539364,44587.74528792827,58748.566
2981,44488.0,51420.09697560785,51691.22555278513,44034.64378416459,53788.918
2982,56511.0,46425.464207316094,32092.137939634555,29110.498081771515,33622.332
2983,31021.0,50049.15255403509,29372.461663994636,24690.99809271676,28499.451
2984,68552.0,41488.94985076603,55096.44246371416,46374.54585628126,52196.26
2985,47367.0,52807.65410987372,58415.138972492015,49627.80096646847,58485.71
2986,61126.0,47487.336771970025,59816.49645766813,53499.82664170215,60563.785
2987,65414.0,51542.60283962697,57424.181954873246,54964.50569326252,63171.91
2988,62479.0,53125.57200482071,56355.49674273859,55126.75670459561,56620.51
2989,36313.0,52884.690316571774,36199.26420542661,35157.417175643284,36101.41
2990,36917.0,44773.50104360707,30853.405644255556,28884.44985440388,30199.414
2991,64037.0,44550.57535835218,58556.939445258125,52254.861155475606,55291.63
2992,47413.0,52701.53409952391,61074.195582515036,54246.93532048634,59766.973
2993,69597.0,48303.9134272072,62153.79299402534,57502.841703418446,63052.254
2994,61572.0,54598.28862404809,60357.561330083365,57252.230609179496,65004.598
2995,47735.0,53118.03652503744,58448.25828056262,55536.72105683946,58044.625
2996,32572.0,49297.78001290759,36055.8802299721,35182.907633608425,37084.695
2997,25888.0,43527.18296452579,30252.128809696987,29329.861502163163,31216.494
2998,44690.0,39842.63821600243,54931.42129280039,53085.14620521859,57766.57
2999,58514.0,46516.940763472994,54947.31631827787,55435.61219855527,59522.547
3000,78772.0,50636.38494414469,58143.15414071233,57955.426931087015,62411.453
3001,58590.0,56128.77943139222,58022.8988284713,57707.57762059254,63339.617
3002,76333.0,51872.51292598091,56166.052416922816,56097.358075371536,59024.42
3003,48417.0,56831.77763537549,36995.54859085333,35718.47319752297,37278.66
3004,39207.0,49780.88783638581,32698.805324011617,29318.668930414355,32176.957
3005,75688.0,46444.06358855839,62196.13335028719,52982.54861861484,59541.625
3006,53193.0,56934.60871661751,65766.01949172383,55229.94298449248,63240.81
3007,74319.0,51532.006160674646,67387.59273439262,58203.16599370451,65153.742
3008,73769.0,57480.63446998217,65318.584696515085,58046.78236324162,65397.77
3009,55448.0,58072.600997153706,64093.210238756335,56870.25433483598,59350.85
3010,34892.0,53589.708228768686,39856.97316403049,36586.82532628993,38023.22
3011,34380.0,46234.82466238494,33312.54429848549,29937.288823520412,31874.49
3012,65535.0,45380.28368115387,61955.52570972341,54308.35700173916,57879.562
3013,90726.0,55121.53338889217,64188.555502939416,55262.1752086001,62280.05
3014,64905.0,61740.92716711987,70710.71070231374,61557.73360955442,65742.08
3015,88378.0,56470.355987041265,67197.54078188904,59469.877731517576,66740.9
3016,80735.0,62818.413335121666,67123.65975824732,55903.898554239175,61889.387
3017,52855.0,62046.63925135272,43629.06158711413,34835.878107109005,40885.145
3018,35830.0,54806.040911202654,38156.36803378261,30317.181526462347,36165.473
3019,74851.0,48244.05067446791,70258.49500712616,55953.76035965118,65436.266
3020,62521.0,60324.620142529435,72866.04054567918,57215.29445084939,68413.484
3021,69775.0,57525.58125466955,75158.33244342681,62141.111617174945,69295.164
3022,77721.0,59844.932720023506,71324.71768348337,61042.615567362685,70134.28
3023,60548.0,62437.454422715775,69518.03750414273,57083.765398617514,63765.273
3024,34756.0,58222.5619271478,43262.15884966955,35470.29266424809,41330.027
3025,25102.0,48758.600440803515,35749.80902356681,31063.058506360798,35212.535
3026,63352.0,43137.11625567601,63199.873899074555,57838.60104338754,64492.08
3027,83485.0,56692.37333175597,64868.6270040134,58935.62231972142,67243.71
3028,72313.0,62314.6846413396,70542.93411933446,63832.94525983873,69181.86
3029,97737.0,60345.346250230396,68028.33489619549,61906.895568760265,68692.33
3030,52058.0,67120.41405258836,68771.13119939771,57482.685678387854,63222.414
3031,41679.0,55758.26264290373,42084.45570854357,35659.25989200145,42254.88
3032,49056.0,51713.8745043604,35688.72187575945,31357.59344127608,35944.957
3033,88253.0,53941.097461791505,69037.40307019322,58358.616086638314,67583.04
3034,65917.0,64913.71208880053,73529.3343108483,59609.20940600097,69047.06
3035,78329.0,59964.57226164824,76331.81969965283,64366.68402165731,71114.055
3036,91704.0,63699.22596176262,73508.54207528461,62794.97118282608,71256.21
3037,77336.0,67721.81225312363,72849.12545866627,58520.15749743585,65110.816
3038,43003.0,65051.00751472525,46571.46687089702,36444.97583862169,42371.664
3039,41692.0,54250.65066000285,39258.48396312104,32033.18879663187,36409.555
3040,38090.0,53094.658491355134,73389.20489237079,59662.48204628173,66082.586
3041,67946.0,50949.736312903464,69306.88540604943,60726.9418867187,67296.51
3042,74891.0,60594.2977482695,72393.85659788991,65579.07807684482,69001.12
3043,53709.0,62884.45093310617,69864.62835339269,62334.064579066355,69198.75
3044,78391.0,56949.90265744825,64977.41432605385,60268.978027491896,64032.92
3045,34214.0,64180.09458584859,42084.567503153245,37607.70039059896,42108.13
3046,34998.0,49572.47949517109,34940.38718441001,31778.30219108505,36761.54
3047,88065.0,49029.83967880349,64652.374168398215,60075.94914873861,69526.586
3048,57583.0,64992.005462657806,69294.49805398547,64345.69443657917,71282.11
3049,77005.0,57507.99841417268,71329.81984154246,67090.2511094737,72706.2
3050,66260.0,63164.11044595738,69071.9624428169,63360.3577691634,71180.21
3051,86586.0,60758.05393220618,66214.97211221508,61922.435693980544,66558.92
3052,45447.0,66519.14633669042,43349.60037072326,38883.23605623306,43878.113
3053,25312.0,54728.62498557193,37243.49378820069,32633.42304091941,35365.027
3054,60770.0,44884.91369406722,65723.23411706358,61810.52897236839,63762.84
3055,63825.0,57923.23929461045,66716.18787514277,65606.40733334782,68665.664
3056,65700.0,58983.00170225647,69779.19161583355,68244.22747231508,71656.02
3057,88389.0,59764.31268890622,66444.59519924893,64420.87322521471,70962.766
3058,66668.0,66065.94299264737,66419.58052848787,63037.34090008276,64510.223
3059,30916.0,61182.212347685396,42112.669954189645,39608.56515644949,41711.914
3060,42960.0,47961.33888491814,34448.63839982097,33325.33814286545,36500.543
3061,67411.0,52198.475002485946,65594.28781204912,63125.15421965753,67951.62
3062,80715.0,59789.04284310331,67829.36132573367,66933.1632547295,69502.66
3063,73942.0,63733.54737822822,73016.21067349473,69516.42019456954,70755.64
3064,98663.0,62673.22950456821,70358.10665211605,65578.71597038425,71637.51
3065,77593.0,69345.87294678862,70803.85796749734,64225.93316691678,65079.715
3066,46475.0,65281.100679318195,45393.454699722955,40289.85308147265,42744.133
3067,45548.0,55788.225918218624,38835.584579950024,33856.00266013254,36360.18
3068,56797.0,54935.1872423834,73525.8364744308,63999.26495307648,66945.78
3069,94800.0,58460.7889637127,73277.49394983736,67710.54298233424,69745.68
3070,94726.0,68877.1841641183,79508.50651477974,70178.70941353748,72045.234
3071,58134.0,69946.94837500267,78371.6524842902,66114.50597306507,73400.6
3072,49309.0,60619.706544416564,72727.13587380956,64667.614296184955,66308.914
3073,30608.0,57361.430557149964,43589.301205368414,40582.11998156845,42200.836
3074,43117.0,48795.99638817712,35391.3085748793,34302.92747316939,35927.066
3075,68781.0,53298.37757012234,67125.69402299276,64175.14886816474,68262.414
3076,78317.0,61363.57095951477,69459.30558457098,67238.89208698184,70830.92
3077,76417.0,64350.74585203541,74220.37104708074,68133.71331908651,73698.92
3078,88305.0,64451.08825990885,71615.4489721654,67464.41095261779,73980.46
3079,68659.0,68102.54426472205,70847.1434471826,67610.44040791788,68563.26
3080,35851.0,63562.49092278408,44641.72339685266,40856.150403380925,45938.9
3081,33585.0,51691.20829108541,37024.480076597545,34857.33063496692,37867.86
3082,55967.0,49704.82711083056,67622.31531740868,64984.41609475253,69891.97
3083,55386.0,57568.08618110338,67941.24189182003,68250.19754971383,71374.82
3084,64486.0,57295.845483291916,69500.01469303525,69224.52993547752,73367.77
3085,70448.0,60094.98808104787,66051.48495492282,68598.44567639162,73299.24
3086,52333.0,62053.46481484128,64064.48639005639,68873.73543470637,67451.42
3087,50627.0,56696.3967333811,39418.986006663086,41692.67766533929,43010.91
3088,35302.0,55874.64794822961,34722.20616830721,35451.78646277671,36424.387
3089,36241.0,49470.35165422307,64535.940706894704,65983.18183302278,69305.74
3090,88565.0,49080.889755520584,61677.97195183016,69295.05454097551,68939.484
3091,87910.0,64642.54433937186,67728.18647902017,70206.02738502625,69870.77
3092,76578.0,65482.66577216135,67523.10017952531,69414.98684891906,71309.164
3093,68218.0,63509.27090244567,66110.29991672537,69539.20377962434,66011.35
3094,44716.0,61720.906553495464,41995.123277849794,42020.860343796514,43057.37
3095,42467.0,54069.40088336392,36131.28823768795,35623.27257766084,35299.89
3096,82499.0,52685.62231027635,68258.9591061406,66063.57944948153,67531.625
3097,86958.0,64689.182751322514,72287.65567490575,69291.07661668528,70613.34
3098,85567.0,66583.37816077669,77979.27520084007,70132.44618113918,73350.22
3099,73553.0,67095.03380710202,75934.8160230365,69145.75545375684,73441.7
3100,57619.0,64625.20306747124,72745.27999514459,69165.56313417116,67121.914
3101,37409.0,60064.182826672455,44601.2031304028,41827.19761203037,42993.973
3102,38338.0,52087.588193076954,37151.75765604631,35413.24944908814,35083.28
3103,79495.0,51669.28654104332,68929.46137059097,65816.12510729919,64542.223
3104,82163.0,64578.712596238154,72502.59673956026,67108.58984244491,69450.71
3105,60590.0,65932.04158589648,77566.71081668908,71363.11997654196,74490.98
3106,67634.0,60344.45808230539,72207.87679777412,66364.07149947091,75520.664
3107,76240.0,62554.19154707359,68707.92904700141,61674.04692189832,70548.92
3108,41841.0,65283.53931849577,44017.83509480366,38057.14548658918,46053.832
3109,26851.0,54113.432213039436,37356.391453740915,34544.404099056286,40235.18
3110,49073.0,46246.57766566307,66180.69152782917,61307.97658485602,73636.6
3111,97465.0,54844.422752087885,65574.63389885276,63679.69646334873,73792.46
3112,53227.0,68205.15038779,72475.0377628842,67347.91672547694,75426.234
3113,85067.0,56982.695035201024,67061.28335158328,63645.4929299875,74796.516
3114,75013.0,66144.21501083508,66342.25237860892,59567.89410097725,68674.12
3115,43266.0,64264.57354640588,42667.702433947175,37622.52229689024,45629.844
3116,20863.0,54143.11072910733,36501.89626131703,34236.24538066121,38869.7
3117,63761.0,42227.45032867054,62837.39544449105,61996.79311179059,72573.47
3118,81080.0,58742.81153405319,64840.762637580825,63926.67994940739,73221.41
3119,59785.0,63758.7477908929,70044.70617837878,67726.73669940999,74129.195
3120,62739.0,58419.546273232736,66129.97013621667,63834.46284209756,72494.266
3121,86658.0,59406.46877617277,63062.52421098437,59989.91268149551,65192.836
3122,55451.0,66145.92753712177,41499.53053210153,37960.44523116232,43051.582
3123,32840.0,57962.40082789114,36788.35471644653,34530.157351057904,35920.11
3124,61884.0,48797.726486641244,67255.69089107096,62276.8239645006,67986.69
3125,76087.0,58816.523696258984,68772.38191842512,64236.88886205014,71315.36
3126,70899.0,63043.946613871085,73018.9687066427,68007.4184608557,75364.83
3127,83596.0,62172.02554162505,70043.42435435418,63917.53575561658,74984.49
3128,60861.0,65998.52778884768,68916.52276775663,59789.53703077384,66483.62
3129,51619.0,60213.08413307653,42905.70639842786,37658.196533516704,42115.035
3130,40446.0,57109.56001139129,37383.28553759696,34069.20726136878,36320.426
3131,68605.0,52508.90482620951,70021.24307378563,61563.969688974095,70141.836
3132,67593.0,61559.50499964537,72297.89261751539,63321.23240775977,71495.13
3133,71848.0,61580.39186714419,75121.92808790055,66953.32697502378,75642.914
3134,76476.0,63091.12236116408,71881.13563187934,62903.84688336304,75172.016
3135,84776.0,64782.1259803133,69634.46820979843,60401.833103836536,67378.836
3136,39214.0,67519.20715491692,45177.348436452296,39269.92398259379,43593.316
3137,46979.0,53152.717570678105,37815.10884848819,33154.605327086654,37149.082
3138,63989.0,55547.11547074814,71931.78235554048,63125.324133798626,71358.35
3139,67274.0,60914.40775519169,73426.55804603183,65467.88377521798,73605.01
3140,66716.0,62056.187388088474,76048.03726723448,69359.9198904731,77054.72
3141,73249.0,62126.84472555004,71971.45785286745,66916.26559455346,78385.3
3142,61868.0,64255.189632564725,69304.73341699992,63447.789037954375,71811.52
3143,49027.0,61211.244966475366,43166.410636604145,40645.50939407032,44866.402
3144,33214.0,56792.48861928117,37356.79593237143,33762.66059859805,37137.36
3145,77579.0,49697.47506244811,68147.77334197678,63278.38007455174,72736.375
3146,65077.0,64197.14077507711,71628.34964696653,64914.323814296695,74944.6
3147,108501.52582716952,61193.766624304604,74222.83359096471,68187.2607701594,77401.47
3148,49549.0,72428.13860344146,74989.28355080211,66080.12931869767,77890.94
3149,65545.0,57282.02165208757,68621.75927745651,62974.51898191681,72175.35
3150,47758.0,62275.11230868494,42976.04509042035,40590.312201210356,46068.02
3151,36321.0,56354.37278786871,37073.16609659975,33915.87273595206,38003.168
3152,65922.0,51170.41085391405,68522.49287278017,63928.49518686764,71725.9
3153,92083.0,61050.15299536844,70504.05374344507,65804.32883598887,73653.04
3154,52637.0,68265.49599798759,76478.86031835026,69042.78502190292,77229.664
3155,76315.0,57791.53992315408,70348.27501160427,66576.18839316137,77455.89
3156,39919.0,64867.57913142728,68130.580813711,63639.86728032608,70516.03
3157,38371.0,53036.66726080185,40342.77019606971,40931.731606132555,45236.633
3158,57225.0,51654.428369968955,33941.092085470635,33990.480777549594,37583.77
3159,67649.0,57947.674170205166,67065.81707376834,63688.322229814046,72395.54
3160,55508.0,61127.561239415365,69824.76735977961,65445.92311153373,73303.016
3161,68116.0,57623.14458907801,71098.52259069355,69008.36061131027,75550.2
3162,87214.0,61448.982589942265,67921.42734562024,66742.46969156821,77034.516
3163,52410.0,66881.16943252209,67296.46186648225,63573.06328689019,71984.25
3164,38247.0,57461.335488673816,41394.041390745646,40924.36785317508,45843.402
3165,42683.0,51679.0705638973,34852.319855659975,34183.005832610674,37838.945
3166,108617.28442447179,52779.85842545272,66051.69093525861,65135.213683631126,72199.586
3167,68502.0,70623.66966678642,72848.37750741253,66254.71488024337,76695.99
3168,79963.0,62124.94005585497,76107.06885340698,72180.81462514354,76357.57
3169,89570.0,65606.17322760138,73710.63741390767,67452.13315903816,79544.49
3170,109553.26098281503,68698.45457197433,72521.80142812373,68970.83649176231,74357.61
3171,52726.0,74259.59932181034,48461.225046062915,45331.22061562386,49369.008
3172,37868.0,59724.01246279154,41924.1870172851,37085.39249979553,41246.863
3173,88044.0,53348.402146496606,76650.60207439035,69034.46562332036,75492.01
3174,69741.0,68912.70667108816,80522.44801611797,70693.90639002352,76402.875
3175,83165.0,64674.58910594459,83000.98685485302,79205.14408196007,79253.79
3176,91761.0,68696.37095866345,79891.06911886016,72798.59715583333,78389.78
3177,73844.0,71561.30421970876,78064.64735707102,72956.25579937676,75298.016
3178,35798.0,67512.01157196706,49119.17646363968,46996.40071028443,51174.33
3179,46396.0,53679.918755657614,40223.280880429076,38327.27116321477,42364.15
3180,75493.0,57245.83913086217,75614.73096736339,70686.67074671619,78678.28
3181,80764.0,66314.50515100152,78167.96463046283,71519.79608166641,79781.52
3182,97490.0,68191.88686692277,82303.2684746062,79375.46107850806,81518.42
3183,70204.0,73049.36048315238,81057.35108883292,72985.27361963333,80579.914
3184,69970.0,66610.12552028014,76529.17340105248,73475.69738827208,75931.445
3185,54019.0,66704.7209465662,47796.92227003502,47561.752748093466,52160.137
3186,36669.0,61500.326943441,41383.57423182182,38878.310413475956,43464.086
3187,79446.0,53930.609274296294,75549.39854281026,72305.48089759363,79327.3
3188,108797.65090346528,67964.67504504287,78414.18876856165,74164.0354475716,80222.29
3189,56229.0,75780.92432146365,85737.67234621398,83650.14684268962,83042.98
3190,85258.0,62309.79154632691,78608.68308032253,77681.73350161673,82387.92
3191,82612.0,70904.43287742042,75892.16638505556,79572.91117745957,75017.04
3192,51263.0,70806.31321559643,48568.59357659311,51948.1174462912,50003.73
3193,34209.0,61164.645325140336,41741.791292948605,42599.573041416865,42367.504
3194,66323.0,53231.151920782984,75458.50266530584,79203.05386924498,77964.29
3195,76833.0,64532.45659986103,76579.20871200465,80846.5524947283,79040.86
3196,83418.0,67749.64316045215,80130.33067357438,87626.65798475855,80829.516
3197,52842.0,69983.98880186076,77647.40795998916,86498.73279117126,81327.555
3198,108487.18274443029,60920.02176544765,71100.21942614354,86005.27809313491,74330.03
3199,67497.0,76263.74488537323,47185.33687491679,52691.75529592672,50330.84
3200,52648.0,66572.68457223864,42251.073826028485,44742.218619581974,42793.242
3201,109677.1148999969,61503.32241101584,80706.35472771748,84886.62515986031,80386.49
3202,109932.36167830163,72372.17997760391,86851.0371384444,88790.44591032996,83970.52
3203,90575.0,72341.98501147807,93986.62041583148,91156.381142289,85779.305
3204,110080.83652474594,75088.66479044706,90296.16599725932,88351.45080520495,85664.86
3205,96335.0,80681.5731355699,88994.22135710999,87366.20064323519,79373.984
3206,67446.0,78449.13567702984,56978.39720894795,52895.043454171995,54149.1
3207,58201.0,70620.13093233574,49646.87606944047,44167.24845651081,45425.688
3208,90400.0,67192.03520316204,93997.26183111561,82160.952788464,81466.12
3209,76651.0,76909.29331671592,96810.23181910874,84997.23952227113,82108.68
3210,110148.28593027708,73493.9916764977,98350.2139950886,87137.52858572858,86145.68
3211,73399.0,82769.60455808634,95943.75647699565,84525.49191336756,86750.57
3212,78462.0,73623.01512846786,89285.05638465779,83230.41986407407,80724.055
3213,49156.0,63346.08444154649,55451.92658479086,50394.10746054427,55837.117
3214,48836.0,64825.746469158075,46498.26092342739,42292.97337946305,47964.273
3215,108795.40930399974,63830.16745671174,86544.02359474405,79324.66228934066,85211.66
3216,108757.77902618036,72269.6225369965,92055.31908713414,83226.44456639516,85651.13
3217,108217.21608292147,82689.13396463085,98690.25444049088,85752.15612292878,87528.67
3218,68820.0,83654.24761976421,96276.39298742847,84787.05756249,89850.82
3219,74683.0,73195.32162940045,88810.43300251737,85179.76935500026,83823.78
3220,51255.0,74927.53542144975,54826.60706550653,52307.03430846108,60144.066
3221,37128.0,66358.15433290368,46286.859080543836,44723.26305747332,50439.484
3222,65718.0,59052.89857729489,83344.04102564594,85273.51607429556,86072.266
3223,109435.70512566323,69454.00648624453,83382.88767231003,90469.24123972245,83633.58
3224,90634.0,81645.02164433195,90250.6463784244,93092.1880675791,86329.0
3225,109333.44817303796,77909.75278124837,87062.37061197023,91024.32194742834,86460.664
3226,95619.0,83369.62517601631,86185.98672959919,91058.45008900207,81097.68
3227,81097.0,80879.99876129821,55371.337466297075,57808.000722509416,57532.082
3228,38454.0,77304.96204990191,49572.92098554688,48432.62276053512,50864.676
3229,109080.9291722975,60895.315629761,89177.9112035162,87934.14992589108,87813.945
3230,110326.13751525083,83378.35876101254,94383.56346698766,90010.08104853031,88879.42
3231,84454.0,84768.36246170738,100964.91209932913,103398.60311111494,89459.734
3232,109234.59379950221,78763.06687815058,95151.05615483214,93823.92389475457,89013.53
3233,97568.0,85853.2719370126,92955.79658073396,90931.04531389814,82039.56
3234,54634.0,83746.68262077995,59302.673356450294,59231.287658153466,58972.938
3235,55930.0,69987.1944998338,49981.24130781117,50743.94748226239,50454.3
3236,110551.81983376201,69683.00530115131,93919.75714422877,92226.39166946948,86285.21
3237,109407.14517702625,85869.3782853155,99222.82225839501,92439.55192377469,88189.43
3238,108903.70851734604,86625.10431223287,105250.44616871115,103483.48238001946,89412.23
3239,108964.41274917,87472.41927602714,101893.02761675764,94297.07813143262,90291.055
3240,97478.0,88415.05161924972,98839.45213310495,91282.72852418473,84567.08
3241,49832.0,86156.16503884834,62504.09802592931,58754.93865162435,60849.555
3242,58372.0,69806.32424603106,51720.96003207495,50086.36330655864,52766.89
3243,93529.0,72276.50168193661,97185.2352509164,90275.87601872589,91639.86
3244,76217.0,83287.03899084456,100107.77366722669,89633.58786898565,89784.61
3245,108753.51090279366,78404.29211179295,101164.36489518154,99629.36524389153,90912.13
3246,96874.0,87797.15121541548,98102.4992870544,91308.13602146217,90899.91
3247,85152.0,85455.70984094912,94223.5863746624,88042.94465323257,85762.375
3248,66649.0,82469.88370035418,58870.033308695245,57178.354797536944,62006.66
3249,66227.0,76326.62548609325,50908.185645426616,48236.84524515003,54321.445
3250,109074.04845573149,75678.20239666916,97643.38780250768,87263.42946141488,91680.414
3251,96334.0,88307.86268848434,102553.68754203472,86550.81783424351,89726.23
3252,109507.61234451403,85705.33179825063,106614.64858635575,96125.71717155332,91844.586
3253,108449.47384643275,89819.7237669402,102968.27211958636,88264.68003561131,92229.74
3254,109494.42674470693,90394.34273859774,99641.53989733677,85290.77242638121,87046.6
3255,45430.0,91471.76267081959,63868.61547682536,55776.16485335144,64283.05
3256,52160.0,69487.66668306108,52197.60143310718,47057.872218636505,53944.37
3257,54827.0,71172.8005380874,96454.19613316814,81923.41965726549,90716.23
3258,76395.0,71256.93184819643,92812.62425238085,84270.40469613044,90098.375
3259,107512.76414590426,78329.59371249701,94357.47748568174,90801.45551099195,90728.69
3260,71977.0,87353.15624684085,92262.04070533185,82521.81350522625,91127.76
3261,72774.0,77508.21793472153,86034.95689879073,78940.8735642299,85835.61
3262,54701.0,77511.26000763066,53169.97854565007,50560.962064657135,61246.855
3263,31498.0,70481.74117889792,45451.688789332744,43647.10231383355,51688.81
3264,91808.0,58241.44138884954,80316.51844376024,77940.79222785053,90677.734
3265,87172.0,79932.65037917772,84167.17198106118,79089.14264564081,90270.305
3266,80952.0,79126.94687648577,88694.18753280313,85941.80208204595,91141.14
3267,79084.0,77616.3013861373,84401.6544400262,79085.55080842921,90545.87
3268,75600.0,77188.0209705746,80410.38039616556,75980.47217860556,84584.26
3269,45082.0,76162.66190633504,50455.0874928438,50012.92422155522,59764.75
3270,55527.0,64450.668025293526,42370.12112546972,43169.30340060912,47642.867
3271,72742.0,67767.61052687977,81147.7964493828,76934.41329340557,83845.37
3272,82767.0,73240.98851094088,82927.25203341867,78227.09710921429,85649.664
3273,99031.0,76330.81299031686,86752.244056046,85502.01744157569,87876.28
3274,90056.0,81191.06393323622,84889.39922872045,80240.94378506165,89008.87
3275,68245.0,79485.1649069956,82318.3786156158,77502.14218047117,82781.32
3276,49958.0,73112.63099555315,50899.835568423565,50789.27286483678,56189.633
3277,35027.0,65896.99509939269,43236.56399014567,44069.54565178688,46236.773
3278,96605.0,57969.52031676614,77947.20293575822,78197.52865506166,86044.445
3279,73462.0,78558.71254420989,82605.66318046546,79204.3497756603,86188.58
3280,82121.0,72626.73308937588,85465.9615365254,85952.49056799838,86306.695
3281,77652.0,75323.98761051508,81738.12112394183,79638.5784837182,86589.39
3282,109731.09735149721,74281.00561061036,78004.56982442163,76715.3357852142,80363.875
3283,62957.0,83217.10958910921,51498.87632572366,50124.29124609006,55766.816
3284,47480.0,61124.04064774197,45179.36925004968,43029.83705677792,47470.7
3285,110065.38041881562,64017.881374278724,84398.0923338528,76465.17538191483,85095.94
3286,80087.0,82740.58123602692,90186.59142861541,77089.8685492861,87148.35
3287,88073.0,75711.23449343666,93337.73367794607,83041.50458907233,89010.31
